cuid,id,province,tags,title
ck6gr8x1e0028gh7c9guh45p1,"兰州","甘肃省","lz lanzhou","兰州"
ck6gr8x7w0029gh7c5z6mfgij,"天水","甘肃省","ts tianshui","天水"
ck6gr8xdy002agh7c789k2yi6,"陇南","甘肃省","ln longnan","陇南"
ck6gr8xna002bgh7cg6jv3l51,"临夏","甘肃省","lx linxia","临夏"
ck6gr8xtw002cgh7c5gys5osi,"定西","甘肃省","dx dingxi","定西"
ck6gr8y0o002dgh7c3kpi1j2u,"张掖","甘肃省","zy zhangye","张掖"
ck6gr8y77002egh7cf0lf8l2y,"白银","甘肃省","by baiyin","白银"
ck6gr8yoi002fgh7c9yzk4lhg,"金昌","甘肃省","jc jinchang","金昌"
ck6gr8yv1002ggh7cbx9w6vnt,"平凉","甘肃省","pl pingliang","平凉"
ck6gr8z20002hgh7c97o4dy0h,"甘南","甘肃省","gn gannan","甘南"
ck6gr8z8k002igh7c5fww33nf,"庆阳","甘肃省","qy qingyang","庆阳"
ck6gr8zfg002jgh7c9rco35jb,"南昌","江西省","nc nanchang","南昌"
ck6gr8zo1002kgh7c836q96k7,"九江","江西省","jj jiujiang","九江"
ck6gr8zvv002lgh7cdh2k95en,"新余","江西省","xy xinyu","新余"
ck6gr90cg002mgh7cb5tk99ff,"上饶","江西省","sr shangrao","上饶"
ck6gr90k5002ngh7ccz11ffio,"宜春","江西省","yc yichun","宜春"
ck6gr90t9002ogh7c8c2sa6yp,"赣州","江西省","gz ganzhou","赣州"
ck6gr90zg002pgh7c9ex77o4h,"抚州","江西省","fz fuzhou","抚州"
ck6gr9156002qgh7chvibcl9s,"萍乡","江西省","px pingxiang","萍乡"
ck6gr91ae002rgh7ch7kj48gk,"吉安","江西省","ja jian","吉安"
ck6gr91fn002sgh7cbf7sbmsy,"鹰潭","江西省","yt yingtan","鹰潭"
ck6gr91kr002tgh7c5bht78m0,"景德镇","江西省","jdz jingdezhen","景德镇"
ck6gr91pu002ugh7chy3uab88,"信阳","河南省","xy xinyang","信阳"
ck6gr9278002vgh7c971b6ycn,"南阳","河南省","ny nanyang","南阳"
ck6gr92dd002wgh7ccei8d3t3,"郑州","河南省","zz zhengzhou","郑州"
ck6gr92iz002xgh7c1ndca6nu,"驻马店","河南省","zmd zhumadian","驻马店"
ck6gr92p0002ygh7c4txhega8,"商丘","河南省","sq shangqiu","商丘"
ck6gr92u7002zgh7cgi36gxl2,"周口","河南省","zk zhoukou","周口"
ck6gr931v0030gh7c2tba10x7,"新乡","河南省","xx xinxiang","新乡"
ck6gr93is0031gh7c7d3l5tj5,"安阳","河南省","ay anyang","安阳"
ck6gr93z50032gh7c3l2a5g9l,"平顶山","河南省","pds pingdingshan","平顶山"
ck6gr94f10033gh7caomohxv1,"漯河","河南省","lh luohe","漯河"
ck6gr94lq0034gh7c53v2d5ie,"许昌","河南省","xc xuchang","许昌"
ck6gr94ru0035gh7c836z0g5s,"洛阳","河南省","ly luoyang","洛阳"
ck6gr94yu0036gh7cbtzs909n,"开封","河南省","kf kaifeng","开封"
ck6gr954x0037gh7c4i1dcdcx,"焦作","河南省","jz jiaozuo","焦作"
ck6gr95bb0038gh7ceivah1y6,"鹤壁","河南省","hb hebi","鹤壁"
ck6gr95hj0039gh7cgjylg1q9,"三门峡","河南省","smx sanmenxia","三门峡"
ck6gr95oa003agh7c90qc31lx,"濮阳","河南省","py puyang","濮阳"
ck6gr966a003bgh7c09u83wj6,"济源","河南省","jy jiyuan","济源"
ck6gr96e4003cgh7c6izd4uaz,"沈阳","辽宁省","sy shenyang","沈阳"
ck6gr96li003dgh7c8vfphaab,"大连","辽宁省","dl dalian","大连"
ck6gr96sg003egh7c0ju00weg,"盘锦","辽宁省","pj panjin","盘锦"
ck6gr9713003fgh7c6uase8m1,"锦州","辽宁省","jz jinzhou","锦州"
ck6gr977q003ggh7ceapgfz3j,"阜新","辽宁省","fx fuxin","阜新"
ck6gr97dc003hgh7c1r6m2y18,"朝阳","辽宁省","zy zhaoyang","朝阳"
ck6gr97ie003igh7c29hp2aun,"丹东","辽宁省","dd dandong","丹东"
ck6gr97xa003jgh7ce8ls8q9o,"葫芦岛","辽宁省","hld huludao","葫芦岛"
ck6gr982d003kgh7c4vr3cbv0,"本溪","辽宁省","bx benxi","本溪"
ck6gr9875003lgh7chjvvhsxw,"铁岭","辽宁省","tl tieling","铁岭"
ck6gr98kn003mgh7cbxolbqo9,"辽阳","辽宁省","ly liaoyang","辽阳"
ck6gr98u3003ngh7c0ey527gy,"营口","辽宁省","yk yingkou","营口"
ck6gr98zt003ogh7c9hf9c66c,"鞍山","辽宁省","as anshan","鞍山"
ck6gr9958003pgh7cbe8teev3,"长沙","湖南省","cs changsha","长沙"
ck6gr99bq003qgh7cg040ejhf,"岳阳","湖南省","yy yueyang","岳阳"
ck6gr99h4003rgh7cfii0a6mo,"邵阳","湖南省","sy shaoyang","邵阳"
ck6gr99nd003sgh7c9lva3dvm,"常德","湖南省","cd changde","常德"
ck6gr9a34003tgh7cgrxe0zh5,"娄底","湖南省","ld loudi","娄底"
ck6gr9a9t003ugh7ceky53y3c,"怀化","湖南省","hh huaihua","怀化"
ck6gr9ag8003vgh7c8a7sgack,"衡阳","湖南省","hy hengyang","衡阳"
ck6gr9ama003wgh7c2a1hhdsq,"益阳","湖南省","yy yiyang","益阳"
ck6gr9asc003xgh7c25hehjps,"株洲","湖南省","zz zhuzhou","株洲"
ck6gr9b06003ygh7c7td5f7f7,"永州","湖南省","yz yongzhou","永州"
ck6gr9byi003zgh7cfomleu1c,"郴州","湖南省","cz chenzhou","郴州"
ck6gr9cso0040gh7cdska6j5t,"湘潭","湖南省","xt xiangtan","湘潭"
ck6gr9czv0041gh7c8n1jh4wn,"湘西自治州","湖南省","xxzzz xiangxizizhizhou","湘西自治州"
ck6gr9d750042gh7c87fzhrjk,"张家界","湖南省","zjj zhangjiajie","张家界"
ck6gr9ded0043gh7ca569e5t3,"成都","四川省","cd chengdu","成都"
ck6gr9dkl0044gh7c6h9h3644,"南充","四川省","nc nanchong","南充"
ck6gr9dsv0045gh7c0o3q11d3,"广安","四川省","ga guangan","广安"
ck6gr9dzm0046gh7c44909alv,"绵阳","四川省","my mianyang","绵阳"
ck6gr9egz0047gh7chewl558v,"内江","四川省","nj neijiang","内江"
ck6gr9enc0048gh7c0gop1oxt,"达州","四川省","dz dazhou","达州"
ck6gr9esd0049gh7cfrmt4c7p,"德阳","四川省","dy deyang","德阳"
ck6gr9exn004agh7c6f5dezei,"巴中","四川省","bz bazhong","巴中"
ck6gr9f2p004bgh7c4kb91yoa,"攀枝花","四川省","pzh panzhihua","攀枝花"
ck6gr9f7t004cgh7cd9rmgv9d,"自贡","四川省","zg zigong","自贡"
ck6gr9fdl004dgh7chy0s80kx,"泸州","四川省","lz luzhou","泸州"
ck6gr9fiy004egh7c0psb30bg,"甘孜州","四川省","gzz ganzizhou","甘孜州"
ck6gr9fov004fgh7c4s8q6dbq,"宜宾","四川省","yb yibin","宜宾"
ck6gr9fv1004ggh7c3zm8dbi5,"凉山州","四川省","lsz liangshanzhou","凉山州"
ck6gr9g9l004hgh7c8t7lhps8,"广元","四川省","gy guangyuan","广元"
ck6gr9get004igh7c0870hjh9,"遂宁","四川省","sn suining","遂宁"
ck6gr9gln004jgh7caf6egfmb,"雅安","四川省","ya yaan","雅安"
ck6gr9gs3004kgh7c6kve72pz,"眉山","四川省","ms meishan","眉山"
ck6gr9gy5004lgh7c8eg52csx,"乐山","四川省","ls leshan","乐山"
ck6gr9h4d004mgh7c0zztczbz,"资阳","四川省","zy ziyang","资阳"
ck6gr9hax004ngh7c79jkbkku,"阿坝州","四川省","abz abazhou","阿坝州"
ck6gr9hi3004ogh7cd7no0k07,"宝坻区","天津市","bdq baodiqu","宝坻区"
ck6gr9hy6004pgh7c9a2ba26k,"河北区","天津市","hbq hebeiqu","河北区"
ck6gr9i51004qgh7c7c9p3k9r,"河东区","天津市","hdq hedongqu","河东区"
ck6gr9ic4004rgh7c7wwmhsjt,"和平区","天津市","hpq hepingqu","和平区"
ck6gr9iih004sgh7chqzick9d,"外地来津人员","天津市","wdljry waidilaijinrenyuan","外地来津人员"
ck6gr9ipi004tgh7c0kj53rg6,"河西区","天津市","hxq hexiqu","河西区"
ck6gr9ix1004ugh7c8sw6b9fs,"宁河区","天津市","nhq ninghequ","宁河区"
ck6gr9j46004vgh7cbjgzb8gi,"东丽区","天津市","dlq dongliqu","东丽区"
ck6gr9jbo004wgh7c43um8dwx,"南开区","天津市","nkq nankaiqu","南开区"
ck6gr9jrv004xgh7chto71nl9,"西青区","天津市","xqq xiqingqu","西青区"
ck6gr9jz0004ygh7cccl8eoy5,"滨海新区","天津市","bhxq binhaixinqu","滨海新区"
ck6gr9k4w004zgh7ce30x2wxz,"红桥区","天津市","hqq hongqiaoqu","红桥区"
ck6gr9kaw0050gh7c07fle78d,"津南区","天津市","jnq jinnanqu","津南区"
ck6gr9kfq0051gh7c9f1abg8t,"深圳","广东省","sz shenzhen","深圳"
ck6gr9kkw0052gh7c0vox2oy3,"广州","广东省","gz guangzhou","广州"
ck6gr9kqp0053gh7cbxdh4n7r,"珠海","广东省","zh zhuhai","珠海"
ck6gr9kwr0054gh7c0feq0knv,"佛山","广东省","fs foshan","佛山"
ck6gr9l250055gh7c8chocejs,"东莞","广东省","dg dongguan","东莞"
ck6gr9lgn0056gh7chgpweeog,"中山","广东省","zs zhongshan","中山"
ck6gr9lmu0057gh7cbe3wei33,"惠州","广东省","hz huizhou","惠州"
ck6gr9lry0058gh7c5wykagwy,"汕头","广东省","st shantou","汕头"
ck6gr9lx50059gh7c7jbdfb8k,"湛江","广东省","zj zhanjiang","湛江"
ck6gr9m3s005agh7cacs5dkuy,"阳江","广东省","yj yangjiang","阳江"
ck6gr9m9j005bgh7cda661e8c,"肇庆","广东省","zq zhaoqing","肇庆"
ck6gr9mg2005cgh7ce08ogrnf,"梅州","广东省","mz meizhou","梅州"
ck6gr9mmm005dgh7c2j27gw9e,"清远","广东省","qy qingyuan","清远"
ck6gr9n1l005egh7ch4wn0ly1,"韶关","广东省","sg shaoguan","韶关"
ck6gr9n8z005fgh7c6frbf6o7,"揭阳","广东省","jy jieyang","揭阳"
ck6gr9nfk005ggh7c705xd710,"江门","广东省","jm jiangmen","江门"
ck6gr9nmg005hgh7c2gtpawux,"汕尾","广东省","sw shanwei","汕尾"
ck6gr9nsm005igh7c0dy3fndp,"茂名","广东省","mm maoming","茂名"
ck6gr9nzj005jgh7c28chgc0s,"潮州","广东省","cz chaozhou","潮州"
ck6gr9o63005kgh7cbkdoe4nc,"河源","广东省","hy heyuan","河源"
ck6gr9ocz005lgh7c16ez480c,"温州","浙江省","wz wenzhou","温州"
ck6gr9oyo005mgh7cc5gl38co,"杭州","浙江省","hz hangzhou","杭州"
ck6gr9p5l005ngh7c293zeeo8,"台州","浙江省","tz taizhou","台州"
ck6gr9ped005ogh7c05uybgk0,"宁波","浙江省","nb ningbo","宁波"
ck6gr9pmc005pgh7c4f21aizh,"金华","浙江省","jh jinhua","金华"
ck6gr9pum005qgh7c86hbghw2,"绍兴","浙江省","sx shaoxing","绍兴"
ck6gr9q06005rgh7c3ioe8ap9,"嘉兴","浙江省","jx jiaxing","嘉兴"
ck6gr9qf4005sgh7cdnqf4d26,"丽水","浙江省","ls lishui","丽水"
ck6gr9qjy005tgh7cah995y6n,"衢州","浙江省","qz quzhou","衢州"
ck6gr9qp3005ugh7c9igi24r7,"湖州","浙江省","hz huzhou","湖州"
ck6gr9qv9005vgh7c1bea3xt3,"舟山","浙江省","zs zhoushan","舟山"
ck6gr9r2j005wgh7c9ouvalab,"晋中","山西省","jz jinzhong","晋中"
ck6gr9r7t005xgh7c8oq81czh,"运城","山西省","yc yuncheng","运城"
ck6gr9rdv005ygh7c0v4w6kjw,"大同","山西省","dt datong","大同"
ck6gr9rjb005zgh7ch1ur9zc9,"晋城","山西省","jc jincheng","晋城"
ck6gr9rp10060gh7ca3pf71xp,"太原","山西省","ty taiyuan","太原"
ck6gr9s5n0061gh7c7mktdglu,"吕梁","山西省","ll lvliang","吕梁"
ck6gr9sbe0062gh7c5oq971sz,"长治","山西省","cz changzhi","长治"
ck6gr9si40063gh7cgnk0b4wm,"朔州","山西省","sz shuozhou","朔州"
ck6gr9sp50064gh7cedhhdse8,"忻州","山西省","xz xinzhou","忻州"
ck6gr9swn0065gh7c3aafgos4,"阳泉","山西省","yq yangquan","阳泉"
ck6gr9t4u0066gh7ca2599nir,"临汾","山西省","lf linfen","临汾"
ck6gr9tb40067gh7cdlp16fwr,"西安","陕西省","xa xian","西安"
ck6gr9tql0068gh7c2kt586ff,"安康","陕西省","ak ankang","安康"
ck6gr9txh0069gh7ccnl6ga4k,"汉中","陕西省","hz hanzhong","汉中"
ck6gr9u5i006agh7c0o7j8jqm,"咸阳","陕西省","xy xianyang","咸阳"
ck6gr9ubl006bgh7c8k445k0f,"宝鸡","陕西省","bj baoji","宝鸡"
ck6gr9uhp006cgh7c1mdwa7uw,"延安","陕西省","ya yanan","延安"
ck6gr9up5006dgh7cdhbbdkd8,"铜川","陕西省","tc tongchuan","铜川"
ck6gr9v2e006egh7cgl9pghoe,"渭南","陕西省","wn weinan","渭南"
ck6gr9vif006fgh7cgkuq5ei9,"商洛","陕西省","sl shangluo","商洛"
ck6gr9vqa006ggh7cgtq1fvuk,"榆林","陕西省","yl yulin","榆林"
ck6gr9vxe006hgh7c02swh6e3,"韩城","陕西省","hc hancheng","韩城"
ck6gr9w2i006igh7c1265h686,"杨凌","陕西省","yl yangling","杨凌"
ck6gr9w9j006jgh7chy70d49e,"万州区","重庆市","wzq wanzhouqu","万州区"
ck6gr9wep006kgh7cdzwd2uht,"开州区","重庆市","kzq kaizhouqu","开州区"
ck6gr9wk3006lgh7c8otd7ov1,"云阳县","重庆市","yyx yunyangxian","云阳县"
ck6gr9wpn006mgh7cbw27dypp,"江北区","重庆市","jbq jiangbeiqu","江北区"
ck6gr9x52006ngh7cfmrpfx6c,"九龙坡区","重庆市","jlpq jiulongpoqu","九龙坡区"
ck6gr9xat006ogh7cbdvg9y4g,"忠县","重庆市","zx zhongxian","忠县"
ck6gr9xi8006pgh7c3k0y0yrh,"垫江县","重庆市","djx dianjiangxian","垫江县"
ck6gr9xnm006qgh7c8jmj8uhn,"两江新区","重庆市","ljxq liangjiangxinqu","两江新区"
ck6gr9xuv006rgh7c9h0r3or0,"渝中区","重庆市","yzq yuzhongqu","渝中区"
ck6gr9y17006sgh7c1s3355jy,"渝北区","重庆市","ybq yubeiqu","渝北区"
ck6gr9y84006tgh7cc4cq8hmb,"长寿区","重庆市","csq changshouqu","长寿区"
ck6gr9yex006ugh7c1wwkefhf,"石柱县","重庆市","szx shizhuxian","石柱县"
ck6gr9z8c006vgh7c2hzq7r6b,"巫溪县","重庆市","wxx wuxixian","巫溪县"
ck6gr9zya006wgh7c9lm9huv5,"綦江区","重庆市","qjq qijiangqu","綦江区"
ck6gra0p5006xgh7c8ij97kbu,"合川区","重庆市","hcq hechuanqu","合川区"
ck6gra1m2006ygh7c18y2cu87,"奉节县","重庆市","fjx fengjiexian","奉节县"
ck6gra24b006zgh7c5bcqcobp,"璧山区","重庆市","bsq bishanqu","璧山区"
ck6gra2ap0070gh7ca01mh0w2,"荣昌区","重庆市","rcq rongchangqu","荣昌区"
ck6gra2hu0071gh7c8naz2u62,"大渡口区","重庆市","ddkq dadukouqu","大渡口区"
ck6gra2nm0072gh7c04va1j5q,"大足区","重庆市","dzq dazuqu","大足区"
ck6gra33x0073gh7c3vhm2ght,"铜梁区","重庆市","tlq tongliangqu","铜梁区"
ck6gra3ar0074gh7c4mcc7h18,"巫山县","重庆市","wsx wushanxian","巫山县"
ck6gra3iw0075gh7cc7ck6fcq,"南岸区","重庆市","naq nananqu","南岸区"
ck6gra3qa0076gh7c7mhuda4s,"丰都县","重庆市","fdx fengduxian","丰都县"
ck6gra3xh0077gh7c1rqufnw6,"潼南区","重庆市","tnq tongnanqu","潼南区"
ck6gra4490078gh7c0hcr6o5f,"巴南区","重庆市","bnq bananqu","巴南区"
ck6gra4930079gh7c4kre7upq,"江津区","重庆市","jjq jiangjinqu","江津区"
ck6gra4np007agh7c07gc7ppx,"永川区","重庆市","ycq yongchuanqu","永川区"
ck6gra4t9007bgh7cgyr9a797,"梁平区","重庆市","lpq liangpingqu","梁平区"
ck6gra4yp007cgh7chhh745sy,"涪陵区","重庆市","flq fulingqu","涪陵区"
ck6gra53s007dgh7c44i51nhy,"城口县","重庆市","ckx chengkouxian","城口县"
ck6gra590007egh7c3w26bykk,"黔江区","重庆市","qjq qianjiangqu","黔江区"
ck6gra5el007fgh7c98etbxhr,"沙坪坝区","重庆市","spbq shapingbaqu","沙坪坝区"
ck6gra5jp007ggh7c0s8r0s3n,"彭水县","重庆市","psx pengshuixian","彭水县"
ck6gra5qt007hgh7c9ncz9wjw,"高新区","重庆市","gxq gaoxinqu","高新区"
ck6gra5w8007igh7c33zi7zhu,"秀山县","重庆市","xsx xiushanxian","秀山县"
ck6gra62m007jgh7c6q9x4s30,"武隆区","重庆市","wlq wulongqu","武隆区"
ck6gra6i3007kgh7cb6ycf66v,"外地来沪人员","上海市","wdlhry waidilaihurenyuan","外地来沪人员"
ck6gra6o5007lgh7c2m6k67tb,"浦东新区","上海市","pdxq pudongxinqu","浦东新区"
ck6gra6uz007mgh7cauf3340j,"宝山区","上海市","bsq baoshanqu","宝山区"
ck6gra72i007ngh7c8g0s1612,"徐汇区","上海市","xhq xuhuiqu","徐汇区"
ck6gra78a007ogh7cajy2hyw6,"闵行区","上海市","mhq minhangqu","闵行区"
ck6gra7et007pgh7caio010xh,"静安区","上海市","jaq jinganqu","静安区"
ck6gra7ld007qgh7c5ktn56av,"长宁区","上海市","cnq changningqu","长宁区"
ck6gra82w007rgh7cgt864ore,"松江区","上海市","sjq songjiangqu","松江区"
ck6gra89b007sgh7c5iopcqs5,"普陀区","上海市","ptq putuoqu","普陀区"
ck6gra8ft007tgh7cfqiy9yyl,"奉贤区","上海市","fxq fengxianqu","奉贤区"
ck6gra8mg007ugh7ccchn79um,"虹口区","上海市","hkq hongkouqu","虹口区"
ck6gra8ta007vgh7c7ct76y58,"黄浦区","上海市","hpq huangpuqu","黄浦区"
ck6gra923007wgh7c9txo2f6l,"杨浦区","上海市","ypq yangpuqu","杨浦区"
ck6gra992007xgh7c45xw8233,"嘉定区","上海市","jdq jiadingqu","嘉定区"
ck6gra9i0007ygh7c9tp17t3f,"青浦区","上海市","qpq qingpuqu","青浦区"
ck6gra9wk007zgh7cc742ccwc,"金山区","上海市","jsq jinshanqu","金山区"
ck6graa290080gh7cht8c07wt,"崇明区","上海市","cmq chongmingqu","崇明区"
ck6graa7v0081gh7cerhk9xmo,"未知地区","上海市","wzdq weizhidiqu","未知地区"
ck6graaee0082gh7c59y168dk,"三亚","海南省","sy sanya","三亚"
ck6graaji0083gh7cgt15c22q,"海口","海南省","hk haikou","海口"
ck6graaot0084gh7c62pdhf4h,"万宁","海南省","wn wanning","万宁"
ck6graau20085gh7c8q3m4n8d,"儋州","海南省","dz danzhou","儋州"
ck6grab0p0086gh7cduvr00zy,"琼海","海南省","qh qionghai","琼海"
ck6grab750087gh7c1lom8t6e,"陵水","海南省","ls lingshui","陵水"
ck6grablf0088gh7cespid8vj,"临高","海南省","lg lingao","临高"
ck6grabr00089gh7chneed8t3,"澄迈","海南省","cm chengmai","澄迈"
ck6grabxe008agh7c5a3031sd,"定安","海南省","da dingan","定安"
ck6grac4f008bgh7c5j23exty,"昌江","海南省","cj changjiang","昌江"
ck6graclz008cgh7ce2pe4xqk,"东方","海南省","df dongfang","东方"
ck6gracvq008dgh7c83c59egu,"琼中","海南省","qz qiongzhong","琼中"
ck6grad1x008egh7c7v65hnm3,"乐东","海南省","ld ledong","乐东"
ck6grad8c008fgh7cdikvhofo,"文昌","海南省","wc wenchang","文昌"
ck6grado4008ggh7cdb256zkv,"乌鲁木齐","新疆维吾尔自治区","wlmq wulumuqi","乌鲁木齐"
ck6gradun008hgh7c1kqi6xcv,"伊犁州","新疆维吾尔自治区","ylz yilizhou","伊犁州"
ck6grae0r008igh7ch5ks7h5p,"第九师","新疆维吾尔自治区","djs dijiushi","第九师"
ck6grae7l008jgh7c8u3cef3y,"吐鲁番","新疆维吾尔自治区","tlf tulufan","吐鲁番"
ck6graedo008kgh7cewcm86ww,"第七师","新疆维吾尔自治区","dqs diqishi","第七师"
ck6graeke008lgh7ch8s18pxb,"第八师","新疆维吾尔自治区","dbs dibashi","第八师"
ck6graes1008mgh7c5z2ngz4a,"阿克苏","新疆维吾尔自治区","aks akesu","阿克苏"
ck6graeyr008ngh7cfsko10i1,"昌吉","新疆维吾尔自治区","cj changji","昌吉"
ck6graffj008ogh7cc4t16dtn,"第六师","新疆维吾尔自治区","dls diliushi","第六师"
ck6grafnf008pgh7c0eg71wzs,"西宁","青海省","xn xining","西宁"
ck6graft3008qgh7c54z7anlf,"海北州","青海省","hbz haibeizhou","海北州"
ck6grafz9008rgh7c2neocduv,"福州","福建省","fz fuzhou","福州"
ck6grag4i008sgh7caga0727x,"莆田","福建省","pt putian","莆田"
ck6gragbb008tgh7chtlz9msx,"泉州","福建省","qz quanzhou","泉州"
ck6graggx008ugh7cht9wcil4,"厦门","福建省","sm shamen","厦门"
ck6gragm6008vgh7cat5p898f,"漳州","福建省","zz zhangzhou","漳州"
ck6grah0k008wgh7c8iwi4sud,"宁德","福建省","nd ningde","宁德"
ck6grah6p008xgh7c0ej04zps,"三明","福建省","sm sanming","三明"
ck6graheg008ygh7c77a89dk4,"南平","福建省","np nanping","南平"
ck6grahki008zgh7caj7n1m0b,"龙岩","福建省","ly longyan","龙岩"
ck6grahpp0090gh7cd5mq69bt,"青岛","山东省","qd qingdao","青岛"
ck6grahvi0091gh7c5mw266dq,"临沂","山东省","ly linyi","临沂"
ck6grai2o0092gh7cecmqan2p,"烟台","山东省","yt yantai","烟台"
ck6grai8i0093gh7c3we7gi7n,"威海","山东省","wh weihai","威海"
ck6graif40094gh7c7eqd23kw,"济南","山东省","jn jinan","济南"
ck6graivf0095gh7c4rg5f0ci,"济宁","山东省","jn jining","济宁"
ck6graj2x0096gh7c2xw05ko6,"德州","山东省","dz dezhou","德州"
ck6graja70097gh7c7lo09ux5,"枣庄","山东省","zz zaozhuang","枣庄"
ck6grajg90098gh7c3kj82qc8,"日照","山东省","rz rizhao","日照"
ck6grajmn0099gh7c2yjc8vtk,"潍坊","山东省","wf weifang","潍坊"
ck6grajtn009agh7c4m0l0y1m,"淄博","山东省","zb zibo","淄博"
ck6grak0w009bgh7c9um10reg,"泰安","山东省","ta taian","泰安"
ck6grakh1009cgh7c6fxihipq,"滨州","山东省","bz binzhou","滨州"
ck6grako7009dgh7cb52ufe0j,"聊城","山东省","lc liaocheng","聊城"
ck6grakv7009egh7c79ylgewy,"菏泽","山东省","hz heze","菏泽"
ck6gral3s009fgh7c2ktwfzww,"苏州","江苏省","sz suzhou","苏州"
ck6gralbu009ggh7ccxn28gy2,"南京","江苏省","nj nanjing","南京"
ck6gralii009hgh7ce23ibog2,"徐州","江苏省","xz xuzhou","徐州"
ck6gralnx009igh7cat77bj3q,"无锡","江苏省","wx wuxi","无锡"
ck6graltn009jgh7cfdrgd4lx,"泰州","江苏省","tz taizhou","泰州"
ck6gram8e009kgh7c6kl33dzu,"南通","江苏省","nt nantong","南通"
ck6gramdy009lgh7c7p7m7qs8,"淮安","江苏省","ha huaian","淮安"
ck6gramj2009mgh7ca3eoahrj,"常州","江苏省","cz changzhou","常州"
ck6gramp5009ngh7cbord54sl,"连云港","江苏省","lyg lianyungang","连云港"
ck6gran9k009ogh7cgpguh0ig,"扬州","江苏省","yz yangzhou","扬州"
ck6grao1q009pgh7c9sfi8o80,"盐城","江苏省","yc yancheng","盐城"
ck6graom5009qgh7cai37f0g7,"宿迁","江苏省","sq suqian","宿迁"
ck6graosm009rgh7cdiwpae84,"镇江","江苏省","zj zhenjiang","镇江"
ck6graoy2009sgh7cescy84gy,"贵阳","贵州省","gy guiyang","贵阳"
ck6grapdp009tgh7c665vfb88,"六盘水","贵州省","lps liupanshui","六盘水"
ck6grapk8009ugh7c6ir95hlm,"遵义","贵州省","zy zunyi","遵义"
ck6grapr1009vgh7cdeuy0ebk,"毕节","贵州省","bj bijie","毕节"
ck6grapyg009wgh7c1x9ca0ya,"铜仁","贵州省","tr tongren","铜仁"
ck6graq4z009xgh7c5qwi0e0c,"黔南州","贵州省","qnz qiannanzhou","黔南州"
ck6graqbf009ygh7c5ea5aq9l,"黔东南州","贵州省","qdnz qiandongnanzhou","黔东南州"
ck6graqhn009zgh7cbd8e4duu,"黔西南州","贵州省","qxnz qianxinanzhou","黔西南州"
ck6graqoy00a0gh7c0r841clf,"安顺","贵州省","as anshun","安顺"
ck6grarj600a1gh7c09vme08y,"武汉","湖北省","wh wuhan","武汉"
ck6grarwl00a2gh7c4w1t2ggp,"黄冈","湖北省","hg huanggang","黄冈"
ck6gras3000a3gh7ccbww2pbd,"孝感","湖北省","xg xiaogan","孝感"
ck6grasai00a4gh7cgv4m1l1h,"随州","湖北省","sz suizhou","随州"
ck6grasi600a5gh7c31t3g4pz,"襄阳","湖北省","xy xiangyang","襄阳"
ck6graspk00a6gh7c0o6t8xhe,"荆州","湖北省","jz jingzhou","荆州"
ck6grasx800a7gh7chkaf4g5p,"宜昌","湖北省","yc yichang","宜昌"
ck6grate300a8gh7c87xt6wf4,"黄石","湖北省","hs huangshi","黄石"
ck6gratjm00a9gh7cgiqhgrpz,"荆门","湖北省","jm jingmen","荆门"
ck6gratp700aagh7cd8wl2wzl,"咸宁","湖北省","xn xianning","咸宁"
ck6gratvl00abgh7cgrek5bs1,"鄂州","湖北省","ez ezhou","鄂州"
ck6grau0p00acgh7c92w81xx3,"十堰","湖北省","sy shiyan","十堰"
ck6grau6400adgh7cdhr7d2tw,"仙桃","湖北省","xt xiantao","仙桃"
ck6grauci00aegh7cebm0e2e7,"恩施州","湖北省","esz enshizhou","恩施州"
ck6grauhw00afgh7c1cm54pnz,"天门","湖北省","tm tianmen","天门"
ck6grauo400aggh7cg91yglbe,"潜江","湖北省","qj qianjiang","潜江"
ck6grav2600ahgh7ccj6warf8,"神农架林区","湖北省","snjlq shennongjialinqu","神农架林区"
ck6grav7k00aigh7cb6nj7lde,"石家庄","河北省","sjz shijiazhuang","石家庄"
ck6gravd500ajgh7cetnhc98p,"沧州","河北省","cz cangzhou","沧州"
ck6gravje00akgh7cc4ue0u0j,"邢台","河北省","xt xingtai","邢台"
ck6gravpx00algh7cgaeb448a,"邯郸","河北省","hd handan","邯郸"
ck6gravwn00amgh7c0im612oy,"保定","河北省","bd baoding","保定"
ck6graw3z00angh7c6pthb5rh,"廊坊","河北省","lf langfang","廊坊"
ck6grawaq00aogh7c97yv5w61,"唐山","河北省","ts tangshan","唐山"
ck6grawpr00apgh7cfwgo5kg2,"张家口","河北省","zjk zhangjiakou","张家口"
ck6graww500aqgh7c4yxp22ho,"衡水","河北省","hs hengshui","衡水"
ck6grax3t00argh7cf61q2gcc,"承德","河北省","cd chengde","承德"
ck6graxa800asgh7cc8aj05a0,"秦皇岛","河北省","qhd qinhuangdao","秦皇岛"
ck6graxi100atgh7chtvbes7e,"海淀区","北京市","hdq haidianqu","海淀区"
ck6graxo300augh7cga5l642k,"朝阳区","北京市","zyq zhaoyangqu","朝阳区"
ck6graxvd00avgh7cfexyhde3,"大兴区","北京市","dxq daxingqu","大兴区"
ck6graybq00awgh7c73ge5rzh,"西城区","北京市","xcq xichengqu","西城区"
ck6grayj900axgh7c4wdv8v8g,"外地来京人员","北京市","wdljry waidilaijingrenyuan","外地来京人员"
ck6grayql00aygh7cesf16mkx,"丰台区","北京市","ftq fengtaiqu","丰台区"
ck6grayze00azgh7c4jwrgt9n,"昌平区","北京市","cpq changpingqu","昌平区"
ck6graz5m00b0gh7c5zsw3sr3,"通州区","北京市","tzq tongzhouqu","通州区"
ck6grazao00b1gh7c8mcd7mwc,"石景山区","北京市","sjsq shijingshanqu","石景山区"
ck6grazgo00b2gh7cbws69dlj,"顺义区","北京市","syq shunyiqu","顺义区"
ck6grazlu00b3gh7cfx2zboxp,"房山区","北京市","fsq fangshanqu","房山区"
ck6grb01600b4gh7c6oug4lg2,"门头沟区","北京市","mtgq mentougouqu","门头沟区"
ck6grb07000b5gh7cegukg05z,"怀柔区","北京市","hrq huairouqu","怀柔区"
ck6grb0ci00b6gh7c5vpg2sw5,"东城区","北京市","dcq dongchengqu","东城区"
ck6grb0if00b7gh7cbcuq0ucg,"延庆区","北京市","yqq yanqingqu","延庆区"
ck6grb0nu00b8gh7c00yc60wm,"待明确地区","北京市","dmqdq daimingquediqu","待明确地区"
ck6grb0tl00b9gh7cf5inc38q,"拉萨","西藏自治区","ls lasa","拉萨"
ck6grb0yz00bagh7chn7x4ofi,"哈尔滨","黑龙江省","heb haerbin","哈尔滨"
ck6grb15w00bbgh7c8i8j2ash,"绥化","黑龙江省","sh suihua","绥化"
ck6grb1d300bcgh7cfgtmc50q,"双鸭山","黑龙江省","sys shuangyashan","双鸭山"
ck6grb1sh00bdgh7c5fia7nd5,"大庆","黑龙江省","dq daqing","大庆"
ck6grb1yw00begh7c4yn2etuv,"佳木斯","黑龙江省","jms jiamusi","佳木斯"
ck6grb24o00bfgh7ch63h2yo0,"鸡西","黑龙江省","jx jixi","鸡西"
ck6grb2bk00bggh7c2qcxdeqi,"牡丹江","黑龙江省","mdj mudanjiang","牡丹江"
ck6grb2j900bhgh7c2ceaf4o3,"七台河","黑龙江省","qth qitaihe","七台河"
ck6grb2pl00bigh7chtrf6cml,"齐齐哈尔","黑龙江省","qqhe qiqihaer","齐齐哈尔"
ck6grb2wi00bjgh7c1k8346zw,"大兴安岭","黑龙江省","dxal daxinganling","大兴安岭"
ck6grb3bo00bkgh7c082dfyyi,"鹤岗","黑龙江省","hg hegang","鹤岗"
ck6grb3jx00blgh7cfi2j0jqa,"黑河","黑龙江省","hh heihe","黑河"
ck6grb3r500bmgh7cg2dv2ubs,"昆明","云南省","km kunming","昆明"
ck6grb3xz00bngh7c11jqfm2d,"西双版纳","云南省","xsbn xishuangbanna","西双版纳"
ck6grb44q00bogh7ceqmg93pl,"玉溪","云南省","yx yuxi","玉溪"
ck6grb4cf00bpgh7cdl4k8u02,"昭通","云南省","zt zhaotong","昭通"
ck6grb4lr00bqgh7cbris5tex,"曲靖","云南省","qj qujing","曲靖"
ck6grb4zi00brgh7c9gii79xr,"保山","云南省","bs baoshan","保山"
ck6grb54r00bsgh7c3zfdhx8n,"丽江","云南省","lj lijiang","丽江"
ck6grb59v00btgh7c1vp29psx,"大理","云南省","dl dali","大理"
ck6grb5g500bugh7c7lvnejt7,"红河","云南省","hh honghe","红河"
ck6grb5mc00bvgh7c2r364f3c,"德宏","云南省","dh dehong","德宏"
ck6grb5su00bwgh7c6bi4enj1,"普洱","云南省","pe puer","普洱"
ck6grb5z000bxgh7c5sv955v4,"楚雄","云南省","cx chuxiong","楚雄"
ck6grb65900bygh7cfqvj1p0l,"临沧","云南省","lc lincang","临沧"
ck6grb6ap00bzgh7cagmoe1av,"文山","云南省","ws wenshan","文山"
ck6grb6gl00c0gh7cdr2eew5t,"南宁","广西壮族自治区","nn nanning","南宁"
ck6grb6uu00c1gh7c6itngap2,"北海","广西壮族自治区","bh beihai","北海"
ck6grb72300c2gh7cblqv0iwr,"桂林","广西壮族自治区","gl guilin","桂林"
ck6grb79m00c3gh7chl2kfdln,"柳州","广西壮族自治区","lz liuzhou","柳州"
ck6grb7g300c4gh7cdi9p7fxw,"防城港","广西壮族自治区","fcg fangchenggang","防城港"
ck6grb7mm00c5gh7c3pc8amuv,"玉林","广西壮族自治区","yl yulin","玉林"
ck6grb7to00c6gh7cf84tcpmb,"河池","广西壮族自治区","hc hechi","河池"
ck6grb81600c7gh7cgytbhx4q,"梧州","广西壮族自治区","wz wuzhou","梧州"
ck6grb8hp00c8gh7c3f131foj,"贵港","广西壮族自治区","gg guigang","贵港"
ck6grb8ns00c9gh7c5wuk947v,"贺州","广西壮族自治区","hz hezhou","贺州"
ck6grb8uc00cagh7cdum6g4uy,"钦州","广西壮族自治区","qz qinzhou","钦州"
ck6grb92g00cbgh7ccaem0cx3,"百色","广西壮族自治区","bs baise","百色"
ck6grb98q00ccgh7c31hl258d,"合肥","安徽省","hf hefei","合肥"
ck6grb9g100cdgh7c71bq6wsg,"阜阳","安徽省","fy fuyang","阜阳"
ck6grb9mn00cegh7c3mr40cp1,"安庆","安徽省","aq anqing","安庆"
ck6grba4500cfgh7c0ecp4nxq,"亳州","安徽省","bz bozhou","亳州"
ck6grbac000cggh7ccsbva37g,"蚌埠","安徽省","bb bangbu","蚌埠"
ck6grbahq00chgh7cgwxx0qf9,"六安","安徽省","la liuan","六安"
ck6grbao100cigh7chyhf0ti0,"马鞍山","安徽省","mas maanshan","马鞍山"
ck6grbbdd00cjgh7cbpyo8wod,"宿州","安徽省","sz suzhou","宿州"
ck6grbbv500ckgh7c8ve57t3q,"芜湖","安徽省","wh wuhu","芜湖"
ck6grbc1z00clgh7c0ydy5zn8,"铜陵","安徽省","tl tongling","铜陵"
ck6grbc7j00cmgh7cafugbnyv,"滁州","安徽省","cz chuzhou","滁州"
ck6grbcd500cngh7chaic4mb9,"淮北","安徽省","hb huaibei","淮北"
ck6grbcrh00cogh7cdhsth75j,"池州","安徽省","cz chizhou","池州"
ck6grbcx600cpgh7c9fmt0knc,"黄山","安徽省","hs huangshan","黄山"
ck6grbd2s00cqgh7c11k147a1,"淮南","安徽省","hn huainan","淮南"
ck6grbd8y00crgh7ca6ms6zy0,"宣城","安徽省","xc xuancheng","宣城"
ck6grbdf200csgh7cegqr8r9y,"长春","吉林省","cc changchun","长春"
ck6grbdl400ctgh7ce4ny5ldh,"四平","吉林省","sp siping","四平"
ck6grbdrh00cugh7cey6c4zdd,"吉林市","吉林省","jls jilinshi","吉林市"
ck6grbdzg00cvgh7cg3rshsjm,"公主岭","吉林省","gzl gongzhuling","公主岭"
ck6grbe6h00cwgh7c4vhc1erm,"延边","吉林省","yb yanbian","延边"
ck6grbeln00cxgh7cgvqx18mg,"辽源","吉林省","ly liaoyuan","辽源"
ck6grberf00cygh7c1ojy5ydl,"松原","吉林省","sy songyuan","松原"
ck6grbexg00czgh7c3v7f8a89,"通化","吉林省","th tonghua","通化"
ck6grbfbm00d0gh7c3eyt7i9d,"鄂尔多斯","内蒙古自治区","eeds eerduosi","鄂尔多斯"
ck6grbfek00d1gh7cce18a54s,"包头","内蒙古自治区","bt baotou","包头"
ck6grbfhe00d2gh7c22gyek2d,"呼和浩特","内蒙古自治区","hhht huhehaote","呼和浩特"
ck6grbfk600d3gh7c1zhd2a5f,"巴彦淖尔","内蒙古自治区","byne bayannaoer","巴彦淖尔"
ck6grbfmz00d4gh7cdiql8y6k,"乌兰察布","内蒙古自治区","wlcb wulanchabu","乌兰察布"
ck6grbfpy00d5gh7c1ptz6a5t,"呼伦贝尔","内蒙古自治区","hlbe hulunbeier","呼伦贝尔"
ck6grbfsz00d6gh7cfr8kh12u,"锡林郭勒盟","内蒙古自治区","xlglm xilinguolemeng","锡林郭勒盟"
ck6grbfw200d7gh7cb4j613ke,"赤峰","内蒙古自治区","cf chifeng","赤峰"
ck6grbfyw00d8gh7c8v6h09pi,"兴安盟","内蒙古自治区","xam xinganmeng","兴安盟"
ck6grbg1p00d9gh7c7mv8ddw9,"通辽","内蒙古自治区","tl tongliao","通辽"
ck6grbg4l00dagh7c58gmge9p,"乌海市","内蒙古自治区","whs wuhaishi","乌海市"
ck6grbg7m00dbgh7c9c5pepa4,"银川","宁夏回族自治区","yc yinchuan","银川"
ck6grbgag00dcgh7c8o0k4v7d,"吴忠","宁夏回族自治区","wz wuzhong","吴忠"
ck6grbgda00ddgh7ca0b9g0xf,"中卫","宁夏回族自治区","zw zhongwei","中卫"
ck6grbgg300degh7cbx4j4mpz,"固原","宁夏回族自治区","gy guyuan","固原"
ck6grbgjh00dfgh7c7bbecp5h,"宁东管委会","宁夏回族自治区","ndgwh ningdongguanweihui","宁东管委会"
ck6grbgmh00dggh7c0g0ibij1,"石嘴山","宁夏回族自治区","szs shizuishan","石嘴山"
ck6grbgpa00dhgh7c4kdrheg6,"吉林","吉林省","jl jilin","吉林"
ck6grbgs300digh7ca5t32og6,"南阳（含邓州）","河南省","ny（hdz） nanyang（handengzhou）","南阳（含邓州）"
ck6grbguy00djgh7c9wq35w6f,"商丘（含永城）","河南省","sq（hyc） shangqiu（hanyongcheng）","商丘（含永城）"
ck6grbgy200dkgh7c2i7j0pvn,"安阳（含滑县）","河南省","ay（hhx） anyang（hanhuaxian）","安阳（含滑县）"
ck6grbhah00dlgh7cf58848mt,"新乡（含长垣）","河南省","xx（hcy） xinxiang（hanchangyuan）","新乡（含长垣）"
ck6grbhej00dmgh7ceynmd3pr,"邓州","河南省","dz dengzhou","邓州"
ck6grbhib00dngh7ca6f890su,"永城","河南省","yc yongcheng","永城"
ck6grbhm600dogh7c5pgh0aa4,"长垣","河南省","cy changyuan","长垣"
ck6grbhq800dpgh7ce2mfbv9s,"滑县","河南省","hx huaxian","滑县"
ck6grbhu600dqgh7cd3t89l9r,"四平市","吉林省","sps sipingshi","四平市"
ck6grbhy000drgh7ch70y14pd,"北海州","青海省","bhz beihaizhou","北海州"
ck6grbi1s00dsgh7cft5z6m80,"乌海","内蒙古自治区","wh wuhai","乌海"
ck6grbi6300dtgh7c8x7l02p4,"未明确","黑龙江省","wmq weimingque","未明确"
ck6grbia500dugh7c3nvph0b1,"宿松","安徽省","ss susong","宿松"
ck6grbiea00dvgh7cghjfc2dv,"长垣县","河南省","cyx changyuanxian","长垣县"
ck6grbiif00dwgh7cfwz69e45,"恩施","湖北省","es enshi","恩施"
ck6grbimc00dxgh7c17pybt0n,"安阳市","河南省","ays anyangshi","安阳市"
ck6grbir300dygh7c4o911zuk,"漯河市","河南省","lhs luoheshi","漯河市"
ck6grbj4300dzgh7cah4vcdxx,"琼海市","海南省","qhs qionghaishi","琼海市"
ck6grbjsv00e0gh7c2dlo2ney,"陵水县","海南省","lsx lingshuixian","陵水县"
ck6grbjyp00e1gh7c42frbt9g,"临高县","海南省","lgx lingaoxian","临高县"
ck6grbk3t00e2gh7cfdi70lnk,"澄迈县","海南省","cmx chengmaixian","澄迈县"
ck6grbk9300e3gh7c2vqb0z0a,"东方市","海南省","dfs dongfangshi","东方市"
ck6grbkel00e4gh7cgpj8fqol,"琼中县","海南省","qzx qiongzhongxian","琼中县"
ck6grbkjd00e5gh7c1r20bvrj,"天水市","甘肃省","tss tianshuishi","天水市"
ck6grbkou00e6gh7c4gu06udg,"白银市","甘肃省","bys baiyinshi","白银市"
ck6grbktv00e7gh7c06sh5o8j,"金昌市","甘肃省","jcs jinchangshi","金昌市"
ck6grbkz600e8gh7c4pdu9eu3,"平凉市","甘肃省","pls pingliangshi","平凉市"
ck6grbl4k00e9gh7c0o5g5jkq,"西宁市","青海省","xns xiningshi","西宁市"
ck6grblag00eagh7cbutm6o1h,"待明确","江苏省","dmq daimingque","待明确"
ck6grblpj00ebgh7c8sxv3w5d,"胡杨河","新疆维吾尔自治区","hyh huyanghe","胡杨河"
ck6grblvo00ecgh7ccoiv0xn2,"石河子","新疆维吾尔自治区","shz shihezi","石河子"
ck6grbm3300edgh7cb8g08bcf,"石柱","重庆市","sz shizhu","石柱"
ck6grbm9c00eegh7c31keasil,"城口","重庆市","ck chengkou","城口"
ck6grbmgb00efgh7cf14bdxkf,"秀山","重庆市","xs xiushan","秀山"
ck6grbmmf00eggh7c88n6gm87,"巫山","重庆市","ws wushan","巫山"
ck6grbmub00ehgh7cgcjg031w,"奉节","重庆市","fj fengjie","奉节"
ck6grbn0e00eigh7c5ipu4sso,"丰都","重庆市","fd fengdu","丰都"
ck6grbnfd00ejgh7c0cl7e7zh,"垫江","重庆市","dj dianjiang","垫江"
ck6grbnlh00ekgh7c68tle2rw,"浦东区","上海市","pdq pudongqu","浦东区"
ck6grbnt900elgh7ch6bhe5kh,"宝山","上海市","bs baoshan","宝山"
ck6grbo4r00emgh7cd3jhhfur,"嘉定","上海市","jd jiading","嘉定"
ck6grborx00engh7chaqac8vs,"杨浦","上海市","yp yangpu","杨浦"
ck6grboy000eogh7c1dvtbvrc,"金山","上海市","js jinshan","金山"
ck6grbp4100epgh7c653adkvl,"大兴","北京市","dx daxing","大兴"
ck6grbpaj00eqgh7cayvt4dna,"西城","北京市","xc xicheng","西城"
ck6grbpqt00ergh7celoqb6r0,"昌平","北京市","cp changping","昌平"
ck6grbpxg00esgh7c82b0f7xr,"通州","北京市","tz tongzhou","通州"
ck6grbqa300etgh7caode4kx2,"丰台","北京市","ft fengtai","丰台"
ck6grbqh900eugh7ca75x5h63,"东城","北京市","dc dongcheng","东城"
ck6grbqor00evgh7ce4jbfgtt,"石景山","北京市","sjs shijingshan","石景山"
ck6grbqxj00ewgh7c0m5p8hv2,"顺义","北京市","sy shunyi","顺义"
ck6grbr3800exgh7cb5d70h0a,"门头沟","北京市","mtg mentougou","门头沟"
ck6grbri000eygh7c7gaf7h47,"怀柔","北京市","hr huairou","怀柔"
ck6grbrmt00ezgh7c6lim077p,"云阳","重庆市","yy yunyang","云阳"
ck6grbrs100f0gh7ca52j96ze,"巫溪","重庆市","wx wuxi","巫溪"
ck6grbrxa00f1gh7c3zfqdgm5,"浦东","上海市","pd pudong","浦东"
ck6grbs2u00f2gh7cgv3j6j38,"静安","上海市","ja jingan","静安"
ck6grbs8900f3gh7cba5sewra,"长宁","上海市","cn changning","长宁"
ck6grbsdo00f4gh7cdcavhwpy,"徐汇","上海市","xh xuhui","徐汇"
ck6grbsj300f5gh7c8e9n2vfg,"闵行","上海市","mh minhang","闵行"
ck6grbso700f6gh7c1afh2lfw,"奉贤","上海市","fx fengxian","奉贤"
ck6grbsud00f7gh7c80taafw2,"虹口","上海市","hk hongkou","虹口"
ck6grbt9v00f8gh7ch7b86u34,"黄浦","上海市","hp huangpu","黄浦"
ck6grbtfo00f9gh7ca24zcbzh,"松江","上海市","sj songjiang","松江"
ck6grbtm000fagh7c3i5ugw7j,"青浦","上海市","qp qingpu","青浦"
ck6grbts400fbgh7c997p1ikc,"海淀","北京市","hd haidian","海淀"
ck6grbty600fcgh7c2hwd7g1c,"宁河","天津市","nh ninghe","宁河"
ck6grbu4c00fdgh7cfuaofpyo,"第八师石河子","新疆维吾尔自治区","dbsshz dibashishihezi","第八师石河子"
ck6grbud000fegh7care9e1mm,"凉山","四川省","ls liangshan","凉山"
ck6grbujq00ffgh7cg0to4gh1,"宁东","宁夏回族自治区","nd ningdong","宁东"
ck6grbuzu00fggh7cgaomefra,"临汾市","山西省","lfs linfenshi","临汾市"
ck6grbv6i00fhgh7c9ljq57w1,"外地来穗人员","广东省","wdlsry waidilaisuirenyuan","外地来穗人员"
ck6grbvcu00figh7cbpd0czcx,"外地来粤人员","广东省","wdlyry waidilaiyuerenyuan","外地来粤人员"
ck6grbvjq00fjgh7cd931a54v,"朔州市","山西省","szs shuozhoushi","朔州市"
ck6grbvq900fkgh7c83hn0nql,"外地来津","天津市","wdlj waidilaijin","外地来津"
ck6grbvxi00flgh7cbjo5h0bq,"歙县","安徽省","xx xixian","歙县"
ck6grbw5100fmgh7c1qrgf7cr,"吐鲁番市","新疆维吾尔自治区","tlfs tulufanshi","吐鲁番市"
ck6grbwl900fngh7c2l56c0dl,"第八师石河子市","新疆维吾尔自治区","dbsshzs dibashishihezishi","第八师石河子市"
ck6grbwqc00fogh7c273235tx,"河源市","广东省","hys heyuanshi","河源市"
ck6grbwvv00fpgh7c41c52u87,"呼和浩特（新城区）","内蒙古自治区","hhht（xcq） huhehaote（xinchengqu）","呼和浩特（新城区）"
ck6grbx0n00fqgh7chn5948ev,"呼伦贝尔满洲里","内蒙古自治区","hlbemzl hulunbeiermanzhouli","呼伦贝尔满洲里"
ck6grbx6700frgh7c0x046lfu,"锡林郭勒盟锡林浩特","内蒙古自治区","xlglmxlht xilinguolemengxilinhaote","锡林郭勒盟锡林浩特"
ck6grbxbg00fsgh7cc083c0pg,"锡林郭勒盟二连浩特","内蒙古自治区","xlglmelht xilinguolemengerlianhaote","锡林郭勒盟二连浩特"
ck6grbxgj00ftgh7c8xq19igs,"鄂尔多斯东胜区","内蒙古自治区","eedsdsq eerduosidongshengqu","鄂尔多斯东胜区"
ck6grbxmf00fugh7c0tmx1vli,"鄂尔多斯鄂托克前旗","内蒙古自治区","eedsetkqq eerduosietuokeqianqi","鄂尔多斯鄂托克前旗"
ck6grbxri00fvgh7cg03ff1uh,"赤峰市松山区","内蒙古自治区","cfsssq chifengshisongshanqu","赤峰市松山区"
ck6grbxx400fwgh7c7d8g6m85,"赤峰市林西县","内蒙古自治区","cfslxx chifengshilinxixian","赤峰市林西县"
ck6grby3500fxgh7c7xqvf1ex,"呼伦贝尔牙克石","内蒙古自治区","hlbeyks hulunbeieryakeshi","呼伦贝尔牙克石"
ck6grbyik00fygh7chyk2arke,"兴安盟乌兰浩特","内蒙古自治区","xamwlht xinganmengwulanhaote","兴安盟乌兰浩特"
ck6grbyok00fzgh7c1dkjbrmg,"包头市昆都仑区","内蒙古自治区","btskdlq baotoushikundulunqu","包头市昆都仑区"
ck6grbz7l00g0gh7c4ciu5w94,"通辽市经济开发区","内蒙古自治区","tlsjjkfq tongliaoshijingjikaifaqu","通辽市经济开发区"
ck6grc00500g1gh7c2ft8dxwi,"包头市东河区","内蒙古自治区","btsdhq baotoushidonghequ","包头市东河区"
ck6grc06t00g2gh7c995c6bj6,"满洲里","内蒙古自治区","mzl manzhouli","满洲里"
ck6grc0dy00g3gh7c95xd1j48,"邯郸市","河北省","hds handanshi","邯郸市"
ck6grc0kh00g4gh7c1dfgbkvd,"呼伦贝尔牙克石市","内蒙古自治区","hlbeykss hulunbeieryakeshishi","呼伦贝尔牙克石市"
ck6grc0qv00g5gh7cchbl1z70,"鹤壁市","河南省","hbs hebishi","鹤壁市"
ck6grc16z00g6gh7ceexbep6z,"淄博市","山东省","zbs ziboshi","淄博市"
ck6grc1d200g7gh7cg696atfb,"固始县","河南省","gsx gushixian","固始县"
ck6grc1k700g8gh7cee9o61d0,"巩义","河南省","gy gongyi","巩义"
ck6grc1r400g9gh7cfr34a4z4,"澳门","澳门","am aomen","澳门"
ck6grc1y400gagh7c30uyc1c2,"锡林郭勒","内蒙古自治区","xlgl xilinguole","锡林郭勒"
ck6grc26400gbgh7c703n7xmr,"丽江市","云南省","ljs lijiangshi","丽江市"
ck6grc2dm00gcgh7c8q9neqz9,"西双版纳州","云南省","xsbnz xishuangbannazhou","西双版纳州"
ck6grc2uu00gdgh7c3ido9lc9,"未知","甘肃省","wz weizhi","未知"
ck6grc31100gegh7c4i040axp,"武汉来京人员","北京市","whljry wuhanlaijingrenyuan","武汉来京人员"
ck6grc35r00gfgh7c56l8b169,"不明地区","北京市","bmdq bumingdiqu","不明地区"
ck6grc3bi00gggh7cbrz3g2pv,"酉阳","重庆市","yy youyang","酉阳"
ck6grc3go00ghgh7c0jwkhkrk,"万盛经开区","重庆市","wsjkq wanshengjingkaiqu","万盛经开区"
ck6grc3mi00gigh7cb7533s7m,"保亭","海南省","bt baoting","保亭"
ck6grc3sp00gjgh7c6z882is6,"塔城","新疆维吾尔自治区","tc tacheng","塔城"
ck6grc3xt00gkgh7c2zn8d7dw,"五家渠","新疆维吾尔自治区","wjq wujiaqu","五家渠"
ck6grc43200glgh7c3ra07pu3,"巴州","新疆维吾尔自治区","bz bazhou","巴州"
ck6grc48s00gmgh7cec0e9dly,"北辰区","天津市","bcq beichenqu","北辰区"
ck6grc4mu00gngh7cdxex54x0,"未明确地区","北京市","wmqdq weimingquediqu","未明确地区"
ck6grc4s800gogh7cgrp327w5,"来宾","广西壮族自治区","lb laibin","来宾"
ck6grc4z800gpgh7cckpy9ibo,"酉阳县","重庆市","yyx youyangxian","酉阳县"
ck6grc54z00gqgh7c4zowcyv3,"兵团第九师","新疆维吾尔自治区","btdjs bingtuandijiushi","兵团第九师"
ck6grc5ba00grgh7cf5xahnu1,"兵团第七师","新疆维吾尔自治区","btdqs bingtuandiqishi","兵团第七师"
ck6grc5hr00gsgh7ch259dh2n,"兵团第八师石河子市","新疆维吾尔自治区","btdbsshzs bingtuandibashishihezishi","兵团第八师石河子市"
ck6grc5nk00gtgh7cb8rxcbp8,"兵团第六师五家渠市","新疆维吾尔自治区","btdlswjqs bingtuandiliushiwujiaqushi","兵团第六师五家渠市"
ck6grc5u200gugh7cahy6flrx,"��木斯","黑龙江省","��ms ��musi","��木斯"
ck6grc6a100gvgh7cgyl90xps,"开��","河南省","k�� kai��","开��"
ck6grc6gb00gwgh7c5hufhkt8,"白城","吉林省","bc baicheng","白城"
ck6grc6n000gxgh7cbziq7obv,"铜���","安徽省","t��� tong���","铜���"
ck6grc6td00gygh7c4mko5ujn,"��泽","山东省","��z ��ze","��泽"
ck6grc6zz00gzgh7cat5p457p,"青浦���","上海市","qp��� qingpu���","青浦���"
ck6grc77l00h0gh7cd7z66o45,"���兴","浙江省","���x ���xing","���兴"
ck6grc7e500h1gh7c69919hcp,"密云区","北京市","myq miyunqu","密云区"
ck6grc7uv00h2gh7ce06r44yy,"武清区","天津市","wqq wuqingqu","武清区"
ck6grc81n00h3gh7c46qmezja,"昌吉州","新疆维吾尔自治区","cjz changjizhou","昌吉州"
ck6grc8a500h4gh7ceafgc3jq,"阿克苏地区","新疆维吾尔自治区","aksdq akesudiqu","阿克苏地区"
ck6grc8ff00h5gh7c1ib2e7xo,"兵团第十二师","新疆维吾尔自治区","btdses bingtuandishiershi","兵团第十二师"
ck6grc8l200h6gh7c6q1o59az,"��梁","山西省","��l ��liang","��梁"
ck6grc8q200h7gh7c6udp61ui,"��陀区","上海市","��tq ��tuoqu","��陀区"
ck6grc8vy00h8gh7c5g0w9xya,"巫山���","重庆市","ws��� wushan���","巫山���"
ck6grc91i00h9gh7cevveayn2,"��南州","贵州省","��nz ��nanzhou","��南州"
ck6grc97f00hagh7cef4263cj,"北���区","天津市","b���q bei���qu","北���区"
ck6grc9d200hbgh7c26imb1os,"嘉��","浙江省","j�� jia��","嘉��"
ck6grc9qq00hcgh7cbjw6h9gr,"绥���","黑龙江省","s��� sui���","绥���"
ck6grc9w300hdgh7cblnd7ov3,"延���","吉林省","y��� yan���","延���"
ck6grca1i00hegh7c7md8gaz3,"���山区","重庆市","���sq ���shanqu","���山区"
ck6grca7300hfgh7c0tyd670b,"唐���","河北省","t��� tang���","唐���"
ck6grcade00hggh7c5sgqfase,"惠���","广东省","h��� hui���","惠���"
ck6grcajf00hhgh7c019u5rtt,"通���","吉林省","t��� tong���","通���"
ck6grcatr00high7c3qdx3y20,"延��","吉林省","y�� yan��","延��"
ck6grcb6e00hjgh7c8n7efdx3,"台���","浙江省","t��� tai���","台���"
ck6grcbll00hkgh7c3qjgdr29,"待明���地区","云南省","dm���dq daiming���diqu","待明���地区"
ck6grcbtc00hlgh7cgkaj6xpq,"鹤��","黑龙江省","h�� he��","鹤��"
ck6grcbzm00hmgh7c5qssg08j,"万���","海南省","w��� wan���","万���"
ck6grcc6c00hngh7cdfz9fk8s,"���峰","内蒙古自治区","���f ���feng","���峰"
ck6grcccw00hogh7c70atazp2,"乌兰察��","内蒙古自治区","wlc�� wulancha��","乌兰察��"
ck6grccjm00hpgh7cex84500o,"雅��","四川省","y�� ya��","雅��"
ck6grccqy00hqgh7chi24adpk,"黄���区","上海市","h���q huang���qu","黄���区"
ck6grcd9x00hrgh7c858vbkx6,"吐��番","新疆维吾尔自治区","t��f tu��fan","吐��番"
ck6grcdjo00hsgh7c6x96enor,"��浦区","上海市","��pq ��puqu","��浦区"
ck6grcdv900htgh7ch2188vv7,"海��州","青海省","h��z hai��zhou","海��州"
ck6grce5600hugh7cfvyd9w6h,"���克苏地区","新疆维吾尔自治区","���ksdq ���kesudiqu","���克苏地区"
ck6grceln00hvgh7cawliekzl,"兵团第��师石河子市","新疆维吾尔自治区","btd��sshzs bingtuandi��shishihezishi","兵团第��师石河子市"
ck6grces500hwgh7c8yznb0ij,"嘉定���","上海市","jd��� jiading���","嘉定���"
ck6grcexv00hxgh7ceo6mb19y,"昌平���","北京市","cp��� changping���","昌平���"
ck6grcfco00hygh7cftxwa18q,"沙��坝区","重庆市","s��bq sha��baqu","沙��坝区"
ck6grcfi300hzgh7cd4148d2d,"���州","浙江省","���z ���zhou","���州"
ck6grcfn800i0gh7c2fjd29j5,"宿��","江苏省","s�� su��","宿��"
ck6grcful00i1gh7cckqt3gs2,"綦江��","重庆市","qj�� qijiang��","綦江��"
ck6grcfzy00i2gh7cdz126f19,"宁东管委���","宁夏回族自治区","ndgw��� ningdongguanwei���","宁东管委���"
ck6grcg6z00i3gh7c7m3w3na8,"兵团第八师石���子市","新疆维吾尔自治区","btdbss���zs bingtuandibashishi���zishi","兵团第八师石���子市"
ck6grcgcy00i4gh7cguttht40,"海���","海南省","h��� hai���","海���"
ck6grcgiy00i5gh7c5j8qau8z,"津���区","天津市","j���q jin���qu","津���区"
ck6grcgpo00i6gh7c8fcy31ud,"兵团第七���","新疆维吾尔自治区","btdq��� bingtuandiqi���","兵团第七���"
ck6grch5s00i7gh7c9lqjh6vl,"��门","福建省","��m ��men","��门"
ck6grchc100i8gh7cdebf6zam,"���原","山西省","���y ���yuan","���原"
ck6grchj300i9gh7c3j524ful,"商���","陕西省","s��� shang���","商���"
ck6grchpx00iagh7cgmpqblmm,"梅河口","吉林省","mhk meihekou","梅河口"
ck6grchx600ibgh7chafx20bx,"宜��","江西省","y�� yi��","宜��"
ck6grci4f00icgh7c4k0zd76q,"兴安��","内蒙古自治区","xa�� xingan��","兴安��"
ck6grcicu00idgh7cgrk2h5xk,"��明区","上海市","��mq ��mingqu","��明区"
ck6grcita00iegh7cgsc700u0,"���河","河南省","���h ���he","���河"
ck6grcj1700ifgh7cfby7fiej,"兵团第九��","新疆维吾尔自治区","btdj�� bingtuandijiu��","兵团第九��"
ck6grcj7m00iggh7c56k9covw,"��义区","北京市","��yq ��yiqu","��义区"
ck6grcjez00ihgh7c6hnq18vd,"双���山","黑龙江省","s���s shuang���shan","双���山"
ck6grcjlu00iigh7cha45bvvt,"佳���斯","黑龙江省","j���s jia���si","佳���斯"
ck6grcjxz00ijgh7c1fqcastj,"���庆","安徽省","���q ���qing","���庆"
ck6grckfd00ikgh7c1l900aw2,"百���","广西壮族自治区","b��� bai���","百���"
ck6grcklo00ilgh7c5ek66d5k,"���平市","吉林省","���ps ���pingshi","���平市"
ck6grckr900imgh7cg2dk57wd,"兵团第六师��家渠市","新疆维吾尔自治区","btdls��jqs bingtuandiliushi��jiaqushi","兵团第六师��家渠市"
ck6grckw800ingh7cft12cek8,"��溪","辽宁省","��x ��xi","��溪"
ck6grcl2400iogh7cb6h18822,"��岗","黑龙江省","��g ��gang","��岗"
ck6grcl6v00ipgh7chxocbhz7,"��鸭山","黑龙江省","��ys ��yashan","��鸭山"
ck6grcld300iqgh7c8b0m7iej,"南岸���","重庆市","na��� nanan���","南岸���"
ck6grclj500irgh7c46dxh1r8,"驻马���","河南省","zm��� zhuma���","驻马���"
ck6grclom00isgh7c008ebvtp,"��地来津人员","天津市","��dljry ��dilaijinrenyuan","��地来津人员"
ck6grclue00itgh7c83b80oss,"沙坪��区","重庆市","sp��q shaping��qu","沙坪��区"
ck6grcmao00iugh7cg7fa03wx,"蚌���","安徽省","b��� bang���","蚌���"
ck6grcmhn00ivgh7c1j2v8ry7,"九��","江西省","j�� jiu��","九��"
ck6grcmo100iwgh7cf24ggiaf,"中���","宁夏回族自治区","z��� zhong���","中���"
ck6grcng100ixgh7c189q6y64,"���皇岛","河北省","���hd ���huangdao","���皇岛"
ck6grco9g00iygh7c8plf885v,"兵团第四师","新疆维吾尔自治区","btdss bingtuandisishi","兵团第四师"
ck6grcojk00izgh7ch2hf8ruj,"赣江新区","江西省","gjxq ganjiangxinqu","赣江新区"
ck6grcosk00j0gh7ceaetb0to,"���团第九师","新疆维吾尔自治区","���tdjs ���tuandijiushi","���团第九师"
ck6grcpa100j1gh7cbi35h3k7,"���阳","河南省","���y ���yang","���阳"
ck6grcpgg00j2gh7c57eocl8o,"���水县","重庆市","���sx ���shuixian","���水县"
ck6grcpni00j3gh7c8g7a0bkb,"文��","海南省","w�� wen��","文��"
ck6grcpxn00j4gh7c5pfbhmfm,"海北���","青海省","hb��� haibei���","海北���"
ck6grcq4k00j5gh7chpxnblkr,"南��","江苏省","n�� nan��","南��"
ck6grcqbf00j6gh7cdk3nchfk,"阜���","安徽省","f��� fu���","阜���"
ck6grcqq600j7gh7c8fwu8p7e,"曲��","云南省","q�� qu��","曲��"
ck6grcrtq00j8gh7c2cng1dbn,"昌���区","北京市","c���q chang���qu","昌���区"
ck6grcs0r00j9gh7ccn97hrg4,"白���","甘肃省","b��� bai���","白���"
ck6grcs8j00jagh7c60z0g04q,"兵团第���师","新疆维吾尔自治区","btd���s bingtuandi���shi","兵团第���师"
ck6grcsfg00jbgh7cfzg68mqh,"松江��","上海市","sj�� songjiang��","松江��"
ck6grcskg00jcgh7c94f1g941,"��中","山西省","��z ��zhong","��中"
ck6grcsrr00jdgh7c6xi0ezbk,"邯���","河北省","h��� han���","邯���"
ck6hagezw010w407c2de8dd2l,"阿克��地区","新疆维吾尔自治区","zg zhongguo","阿克��地区"
ck6hc3yaf0002rv7c249cgpkq,"��靖","云南省","zg zhongguo","��靖"
ck6hchddb0005rv7c0hczdott,"��春","吉林省","zg zhongguo","��春"
ck6hctroc0008rv7c4dwp2349,"大理州","云南省","zg zhongguo","大理州"
ck6hctsxl000brv7c1rpb6v0v,"红河州","云南省","zg zhongguo","红河州"
ck6hcttpa000erv7cc9ftagy5,"德宏州","云南省","zg zhongguo","德宏州"
ck6hctu8u000hrv7cepr92yas,"楚雄州","云南省","zg zhongguo","楚雄州"
ck6hctuxa000krv7caaqnhu25,"文山州","云南省","zg zhongguo","文山州"
ck6hd4nof000nrv7c49h93uc5,"���施州","湖北省","zg zhongguo","���施州"
ck6hezgzc000qrv7c0jcr9xi7,"���锦","辽宁省","zg zhongguo","���锦"
ck6hfb8qw000trv7c02sv6gfj,"广��","四川省","zg zhongguo","广��"
ck6hfcfqs000wrv7c7cddftbw,"外地来津��员","天津市","zg zhongguo","外地来津��员"
ck6hhgoid0011rv7cgmx6ggno,"宝��区","上海市","zg zhongguo","宝��区"
ck6hhtc270014rv7c60ctgi2z,"丰���区","北京市","zg zhongguo","丰���区"
ck6hjg1p2000mu77c7wnp60mj,"梅河���","吉林省","zg zhongguo","梅河���"
ck6hki9r1001ju77c54p54b52,"拉��","西藏自治区","zg zhongguo","拉��"
ck6hofb2f004ru77c9p3g7t26,"���平区","天津市","zg zhongguo","���平区"
ck6ht2i1o008ju77c4ogy1hu7,"��桥区","天津市","zg zhongguo","��桥区"
ck6ht2ul8008mu77cflalhj62,"兵团第���二师","新疆维吾尔自治区","zg zhongguo","兵团第���二师"
ck6hu3him009ju77c7mtbbhzq,"万��经开区","重庆市","zg zhongguo","万��经开区"
ck6hu40kh009mu77c1hc339uf,"���陀区","上海市","zg zhongguo","���陀区"
ck6hu58x6009pu77ccx264aj7,"兵团第六师五家��市","新疆维吾尔自治区","zg zhongguo","兵团第六师五家��市"
ck6hvj72200awu77c1p0m9n9r,"���西","黑龙江省","zg zhongguo","���西"
ck6hw8kwc00bmu77chwnt718n,"永��区","重庆市","zg zhongguo","永��区"
ck6hxcroi00cju77c2dzvhuxj,"四���市","吉林省","zg zhongguo","四���市"
ck6hy2eu000d6u77c8el8aazl,"���辰区","天津市","zg zhongguo","���辰区"
ck6hy2m0900d9u77c7yap8ggv,"���头","内蒙古自治区","zg zhongguo","���头"
ck6hyd0am00dmu77c568e4vjz,"���农架林区","湖北省","zg zhongguo","���农架林区"
ck6hydeyt00dpu77c43vc9h9o,"张家���","湖南省","zg zhongguo","张家���"
ck6hyf6gp00dvu77cg3uhe5u5,"大��","山西省","zg zhongguo","大��"
ck6hzh5nx00exu77c8csnai0y,"���定区","上海市","zg zhongguo","���定区"
ck6i2os5u00h9u77c4xub0w97,"��海","山东省","zg zhongguo","��海"
ck6i2pb3r00hcu77cf0q3233g,"福���","福建省","zg zhongguo","福���"
ck6i2q0gx00hfu77c0zl59yob,"太��","山西省","zg zhongguo","太��"
ck6i949l500n0u77c56896fc5,"七���河","黑龙江省","zg zhongguo","七���河"
ck6i96liu00n3u77c8z1dehed,"���兰察布","内蒙古自治区","zg zhongguo","���兰察布"
ck6idg6rr00peu77c5ctv0qpq,"锡林郭���盟","内蒙古自治区","zg zhongguo","锡林郭���盟"
ck6ieh7g500qbu77cgafkawqh,"长��区","上海市","zg zhongguo","长��区"
ck6igmwow00riu77c89er3tsd,"梁���区","重庆市","zg zhongguo","梁���区"
ck6igp60700rlu77c2f5ec1xm,"呼和浩��","内蒙古自治区","zg zhongguo","呼和浩��"
ck6ihdboj00s9u77c2dsibe8y,"宁河��","天津市","zg zhongguo","宁河��"
ck6ilbg8t01xku77c2yttg0se,"兵团第四���","新疆维吾尔自治区","zg zhongguo","兵团第四���"
ck6ilo2d201y0u77c3nu1c2nx,"武���区","天津市","zg zhongguo","武���区"
ck6ipj8ua01yau77cchov3d1p,"��州","江苏省","zg zhongguo","��州"
ck6iqocxe01yxu77c4npfc5ou,"��安","陕西省","zg zhongguo","��安"
ck6izhuiy0002gg7c98y0b534,"��口","辽宁省","zg zhongguo","��口"
ck6izu10p0005gg7c6zuqeg43,"河东���","天津市","zg zhongguo","河东���"
ck6izu43a0008gg7c4qm6gzuy,"津南��","天津市","zg zhongguo","津南��"
ck6j0umvc000bgg7c8yns3gbj,"���城","安徽省","zg zhongguo","���城"
ck6j3ci9i000jgg7c0q23g6nt,"张���界","湖南省","zg zhongguo","张���界"
ck6j43fz3002ugg7cbebf1txq,"宝山���","上海市","zg zhongguo","宝山���"
ck6j5wva6004egg7cd03y2quf,"���昌","甘肃省","zg zhongguo","���昌"
ck6j80771007tgg7cdhmre2tj,"大��口区","重庆市","zg zhongguo","大��口区"
ck6j81sk1007wgg7cf0vo3f9p,"兵团第��师","新疆维吾尔自治区","zg zhongguo","兵团第��师"
ck6j8r6hy008jgg7cd19g881m,"待���确地区","天津市","zg zhongguo","待���确地区"
ck6j9f84e00a3gg7c9g886kst,"���江","江西省","zg zhongguo","���江"
ck6jajn1y00b0gg7c0l8yfj7d,"松��","吉林省","zg zhongguo","松��"
ck6jd009g00d4gg7c8bxb47po,"淮���","安徽省","zg zhongguo","淮���"
ck6jd0ht900d7gg7cftv05qmv,"淄��","山东省","zg zhongguo","淄��"
ck6jd13l600dagg7c9bx9b1ao,"��家庄","河北省","zg zhongguo","��家庄"
ck6jdpzj400e3gg7chp864lge,"枣���","山东省","zg zhongguo","枣���"
ck6jfuo3f00fugg7cdy836ktz,"长��","湖南省","zg zhongguo","长��"
ck6jgxz9400grgg7c5ouj8zy8,"黑���","黑龙江省","zg zhongguo","黑���"
ck6jirnqh00i8gg7cb7yxgxpj,"兵团第��师五家渠市","新疆维吾尔自治区","zg zhongguo","兵团第��师五家渠市"
ck6jk728d01l6gg7ceauc52uz,"兵团第��二师","新疆维吾尔自治区","zg zhongguo","兵团第��二师"
ck6jlmuqg01mggg7ch2wygl9x,"呼���贝尔","内蒙古自治区","zg zhongguo","呼���贝尔"
ck6jmo51n01negg7c1et3ebqg,"��丹江","黑龙江省","zg zhongguo","��丹江"
ck6jne8eu01o1gg7c0mw03bpt,"三门��","河南省","zg zhongguo","三门��"
ck6jnfv6601o4gg7cc8di8vze,"��坝州","四川省","zg zhongguo","��坝州"
